{
  "config_a": {
    "lr": "2e-4",
    "lora_r": 16,
    "lora_alpha": 32,
    "epochs": 3,
    "best_eval_loss": 0.30187493562698364,
    "final_train_loss": 0.1521889567375183
  },
  "config_b": {
    "lr": "1e-4",
    "lora_r": 32,
    "lora_alpha": 64,
    "epochs": 3,
    "best_eval_loss": 0.3025103807449341,
    "final_train_loss": 0.1583526015281677
  },
  "config_c": {
    "lr": "5e-4",
    "lora_r": 16,
    "lora_alpha": 32,
    "epochs": 5,
    "best_eval_loss": 0.32067370414733887,
    "final_train_loss": 0.04811412990093231
  },
  "config_d": {
    "lr": "2e-4",
    "lora_r": 8,
    "lora_alpha": 16,
    "epochs": 3,
    "best_eval_loss": 0.31137141585350037,
    "final_train_loss": 0.18866680860519408
  }
}